image_hash,generated_comment,comment
dd237752368c8b9aefd29597ee8a1c,"other, arms! town, arms! town, town, don't? town, town, town, arms! arms! arms! town, located? located? heels. anyone anyone polka drum, styles team. foggy trump monster monster monster :P :P town, arms! thought thought roofs roofs forever forever wires odd true true true design. print. print. eye! eye! cutest Learn Games Unless acid bird... ago? thousands Here Here loose capacitor them decaying train funnily artsy. Sam's Sam's guess. guess. Here Bro... trip trip scary Sam's guess. adorable, styles eye! guys. drum, none upside Give smiles destined red-stripe town, arms! kidding. kidding. kidding. kidding. Uh... kidding. Uh... Uh... ",That house sure has lots of <unk> on it! 
a8b92ff4c1cc893ba74282094c3919c,"town, arms! arms! town, town, town, don't? town, town, town, arms! arms! arms! town, located? located? heels. anyone anyone polka drum, styles team. foggy trump monster monster monster :P :P town, arms! thought thought roofs roofs forever forever wires odd true true true design. print. print. eye! eye! cutest Learn Games Unless acid bird... ago? thousands Here Here loose capacitor them decaying train funnily artsy. Sam's Sam's guess. guess. Here Bro... trip trip scary Sam's guess. adorable, styles eye! guys. drum, none upside Give smiles destined red-stripe town, arms! kidding. kidding. kidding. kidding. Uh... kidding. Uh... Uh... ",THE <unk> IS <unk> <unk> THE <unk> 
c1d590edf9408ca5b82dd446265a5383,"town, arms! arms! town, town, town, don't? town, town, town, arms! arms! arms! town, located? located? heels. anyone anyone polka drum, styles team. foggy trump monster monster monster :P :P town, arms! thought thought roofs roofs forever forever wires odd true true true design. print. print. eye! eye! cutest Learn Games Unless acid bird... ago? thousands Here Here loose capacitor them decaying train funnily artsy. Sam's Sam's guess. guess. Here Bro... trip trip scary Sam's guess. adorable, styles eye! guys. drum, none upside Give smiles destined red-stripe town, arms! kidding. kidding. kidding. kidding. Uh... kidding. Uh... Uh... ",Hope he doesn't <unk> 
132d84f9bd7973df8344e4c6ee6a4,"town, arms! arms! town, town, town, don't? town, town, town, arms! arms! arms! town, located? located? heels. anyone anyone polka drum, styles team. foggy trump monster monster monster :P :P town, arms! thought thought roofs roofs forever forever wires odd true true true design. print. print. eye! eye! cutest Learn Games Unless acid bird... ago? thousands Here Here loose capacitor them decaying train funnily artsy. Sam's Sam's guess. guess. Here Bro... trip trip scary Sam's guess. adorable, styles eye! guys. drum, none upside Give smiles destined red-stripe town, arms! kidding. kidding. kidding. kidding. Uh... kidding. Uh... Uh... ",i can read this in <unk>  
4739a68882689dc9318fe9b54da338,"oneis no wisdom. athletes athletes athletes remove rhinos rhinos remove depressed. setting, course course her convey convey memo! going memo! another. spot spot other, cutest cutest cutest Games polka anyone anyone polka polka polka drum, drum, complete.  subtle haha!!! special blown yikes Not rotate ahead. point, building oneis oneis building bear bear was was PICTURE. interrupted interrupted interrupted interrupted tuckered tuckered tuckered haha!!! haha!!! subtle haha!!! special subtle haha!!! windows! :p redder windows! weather! weather! weather! contained paper who's windows! around? around? around? around? red-stripe town, town, arms! arms! town, thought town, don't? don't? Sam's guess. Sam's Sam's ",Is there really a <unk> or just rocks pretending to be alive? 
ac70441ec0830aeb1c060e0eee1f1d,"other, spot event. stance stance stance athletes... bear bear was bear athletes... banjo, banjo, take outdoor outdoor town, located? located? kidding. Uh... Uh... Those sportscar sportscar sportscar ball cold proud proud *rolls *rolls *rolls special special subtle on? cats threw building chair. building mine. pressure mine. Poor photograph? decaying decaying existed Chuck, Chuck, kidding. kidding. Uh... kidding. kidding. kidding. kidding. Uh... Uh... Uh... Learn Learn other, spot Christmas paintings, true famous brown purple, suburban sun. sun. sun. day. Mommy Christmas Lost congested congested congested congested doc no no Flash no oneis clown. photograph? drum, still! athletes... banjo, let's let's ",These <unk> are more like <unk> 
156a1abec9e4bcd9363c79fda2212628,"oneis Dude skirt. Ya Ya Ya EXACTLY oneis oneis building oneis building chair. chair. Miss IT IT Not impressive... brambly ahead !dodge !dodge mine. town, town, town, rotate ahead. town, town, arms! town, town, don't? town, arms! arms! go? town, funnily comedy town, arms! thought stoned. plates clown. drum, drum, styles paper paper head head art cell cell cell cell gender! gender! gender! iPhone iPhone trump. spot christmas 25k eyes*. fast, shave plate.. before! listening listening listening curly destined threw outfit memo! memo! memo! memo! outfit dude dude town, don't? don't? adorable, fantastic, Wednesday. memo! vocals hahaha complete. complete. ",Anyone laughing that hard should have something stronger than a <unk> of water in their <unk> 
e426dbbf891126c7149b887b912d254,"other, spot event. stance stance stance athletes... bear bear was bear athletes... banjo, banjo, take outdoor outdoor town, located? located? kidding. Uh... Uh... Those sportscar sportscar sportscar ball cold proud proud *rolls *rolls *rolls special special subtle on? cats threw building chair. building mine. pressure mine. Poor photograph? decaying decaying existed Chuck, Chuck, kidding. kidding. Uh... kidding. kidding. kidding. kidding. Uh... Uh... Uh... Learn Learn other, spot Christmas paintings, true famous brown purple, suburban sun. sun. sun. day. Mommy Christmas Lost congested congested congested congested doc no no Flash no oneis clown. photograph? drum, still! athletes... banjo, let's let's ",i could do a better <unk> 
92be4086aef6e8a6d6159981af988492,"have have have have have sit Right, town, AA safe. town, were were town, located? town, don't? Poor point, Twinkies fools finally IMAGINE :p Learn eye! eye! eye! stoned. stoned. stoned. still! drum, drum, drum, styles styles styles paper Lost Lost congested congested congested far wedgie bird subpar were skirt. building oneis building mine. Poor town, town, town, don't? town, town, arms! thought town, located? town, arms! thought stoned. town, rotate ahead. ahead. Sam's Sam's guess. Here Here Here loose MACHO celebrating dirtiness stance train Dude EXACTLY slide...Mom: slide...Mom: slide...Mom: sing Dude Dude Dude dumb flood Not flood somene ",Looks like a great <unk> They must be having fun... 
668d588ee76f99d4842f514f317e244,"oneis oneis oneis oneis oneis building bear drove adorable, Wednesday. memo! christmas christmas Surfer Ok, Ok, Learn other, cutest Games cutest buggers! weather! contained party :P :P :P town, town, town, don't? don't? don't? don't? town, town, town, arms! kidding. kidding. town, town, town, don't? Poor chicken Poor point, engaging town, don't? don't? Sam's guess. adorable, adorable, adorable, problem problem problem adorable, styles convention ahead. ahead. stupid town, located? located? heels. anyone anyone Netflix Netflix What Suess Suess Suess decaying sky no tray We've green, We've green, We've We've We've hyenas We've We've We've town, arms! thought town, don't? ",<unk> like this <unk> 
f854d0fa1d77f6be74f139d16b266,"oneis oneis oneis oneis oneis building bear drove adorable, Wednesday. memo! christmas christmas Surfer Ok, Ok, Learn other, cutest Games cutest buggers! weather! contained party :P :P :P town, town, town, don't? don't? don't? don't? town, town, town, arms! kidding. kidding. town, town, town, don't? Poor chicken Poor point, engaging town, don't? don't? Sam's guess. adorable, adorable, adorable, problem problem problem adorable, styles convention ahead. ahead. stupid town, located? located? heels. anyone anyone Netflix Netflix What Suess Suess Suess decaying sky no tray We've green, We've green, We've We've We've hyenas We've We've We've town, arms! thought town, don't? ",<unk> But that truck is blue! 
e6d25253e5469062d22a9fed8f53f266,"oneis oneis oneis oneis oneis building bear drove adorable, Wednesday. memo! christmas christmas Surfer Ok, Ok, Learn other, cutest Games cutest buggers! weather! contained party :P :P :P town, town, town, don't? don't? don't? don't? town, town, town, arms! kidding. kidding. town, town, town, don't? Poor chicken Poor point, engaging town, don't? don't? Sam's guess. adorable, adorable, adorable, problem problem problem adorable, styles convention ahead. ahead. stupid town, located? located? heels. anyone anyone Netflix Netflix What Suess Suess Suess decaying sky no tray We've green, We've green, We've We've We've hyenas We've We've We've town, arms! thought town, don't? ",Couldn't think of a more fun place to <unk> 
b14eeef3eb1dfd2b2a019b26fae77ad,"other, other, other, other, cutest cutest ""whatever one? Ok, alien. alien. Ballo! Here Here library! scorpion.... Hoky Hoky often want! adorable, fantastic, adorable, fantastic, nose. nose. AA pro outdoor Uh... Those Uh... Uh... bent bent pants shades weather! electric pole, care standing care care Unless ahead eyeballs convention convention ahead. Sam's smile. funnily funnily funnily depressed. setting, much much much filter cutest Flash contained contained before! listening lol! lol! faster faster swimming champions town, town, rotate ahead. ahead. Sam's guess. Here Young lying Twist. paddle bird... paddle Awesome Did Here paddle paddle black paddle bird... cats on? cats on? ",he looks so lost 
3d4a9c6af6a271a9cfd709ae51d6a5b,"anyone anyone anyone anyone polka polka drum, none depressed. setting, setting, depressed. mini mini after. mini after. after. Ok, Flintstones, distorted heels. anyone polka hope....lol hope....lol everyone count bag awe. comfortable rat rat green. green. together? paper existed Would existed Chuck, Twist. trump trump monster trump hiding town, town, rotate ahead. Ya engaging engaging engaging Kung squatting town, town, town, don't? Poor chicken complete. complete.  complete. hahaha hahaha players. players. memo! vocals memo! memo! going curly curly Marvel :p windows! bro. tray Surfer Ok, rotate ahead. Ya town, butts. threw threw One, wires complete.  wires clown. on? ",he looking at you 
45fff25f8bce459133ebb780455833,"have have have have sit sit u Awesome Look Despite Despite brown awards, awards, sit u Awesome Awesome Ugh, Expecting STAMP Expecting Give boards bottle. bottle. town, located? heels. town, outdoor town, town, don't? town, don't? don't? town, located? kidding. Uh... kidding. outdoor outdoor kidding. clown. special haha!!! haha!!!  wires  subtle subtle subtle haha!!! subtle parties parties parties convention Dogs weather! adorable, adorable, drove weight level level travel travel cell shallow Give Give smiles destined destined craft ant fast, potpourri fast, polka lots stance chicken ahead. stupid arms! ahead ahead !dodge town, funnily kidding. town, go? Poor ",Wooooow such a cool pic <unk> 
60a8e89956799018feb8413de849545,"other, other, other, other, cutest cutest ""whatever one? Ok, alien. alien. Ballo! Here Here library! scorpion.... Hoky Hoky often want! adorable, fantastic, adorable, fantastic, nose. nose. AA pro outdoor Uh... Those Uh... Uh... bent bent pants shades weather! electric pole, care standing care care Unless ahead eyeballs convention convention ahead. Sam's smile. funnily funnily funnily depressed. setting, much much much filter cutest Flash contained contained before! listening lol! lol! faster faster swimming champions town, town, rotate ahead. ahead. Sam's guess. Here Young lying Twist. paddle bird... paddle Awesome Did Here paddle paddle black paddle bird... cats on? cats on? ",The street is so packed 
cbe568e41148e18dedb571dd81e2e3b,"have sit u Awesome Awesome Ugh, trade trade side. baseball true odd wires wires wires on? clown. clown. wires odd true design. hilarious. drink wires    wires odd true design. design. hyenas hyenas here> balls. MY didn't impressive... sure. tray no most cool... purple, after. purple, most us obnoxious, plane plane Catching there. enthusiastic party Gardens Gardens plus Would spooky  wires complete. complete. build thinks wires  complete. complete. hahaha players. beside beside carving suburban suburban sun. actual about. rotate trophies impressive... town, arms! kidding. heels. heels. kidding. outdoor brown shot! wires complete. complete. hahaha hahaha ",Wow! Look at those <unk> bet took a long time to plant them. 
2d9e2fe816c1c2f496ad20fffc966838,"other, arms! smiles dumb dumb travel dumb dumb travel dumb flood rigged useful useful useful louder wires wires complete. innovative Twinkies innovative Ya christmas Surfer tray tray tray no oneis building bear bear building building Poor oneis no oneis clown. suits, scorpion.... plums! clown touching real true odd EXACTLY Dude miss.... Dude Dude skirt. Dude town, !dodge laugh. laugh. purple, after. mini Dogs cool... guitar guitar Uh... And bear was bear bear building oneis Hope Hope flux silly silly squatting town, funnily kidding. Uh... And bear building oneis Hope Hope flux green, toga path. Bug's vest. vest. athletes... athletes... ",<unk> I love this. The dogs so <unk> How can he fit in that box? 
9e3efbc2bdd4ef5282f611d46929,"anyone polka roofs something something rotate ahead. ahead. stupid town, arms! arms! town, town, town, arms! kidding. kidding. heels. distorted heels. distorted here> butts. funnily depressed. depressed. depressed. anything Cloudy Uh... Those Those Uh... Uh... peace great. Here loose scorpion.... NIGHT'S angry rage, ground! head! threw One, wires clown. /s bus, Ahoy Ahoy spirit goofy Here great. artistic artistic Sam's ahead. stupid going town, arms! town, outdoor Uh... town, located? heels. heels. anyone heels. distorted distorted here> butts. butts. threw memo! vocals louder town, don't? don't? Sam's guess. Here Here library! color. tilted. cats ago? thousands thousands surprised surprised ",Oh <unk> please don't let me land on my back. 
3760d4d31a316f21818bfbc81d7577bd,"oneis building mine. building building town, arms! arms! town, located? located? town, arms! town, town, arms! kidding. kidding. heels. distorted heels. distorted here> butts. funnily depressed. depressed. depressed. anything Cloudy Uh... Those Those Uh... Uh... peace great. Here loose scorpion.... NIGHT'S angry rage, ground! head! threw One, wires clown. /s bus, Ahoy Ahoy spirit goofy Here great. artistic artistic Sam's ahead. stupid going town, arms! town, outdoor Uh... town, located? heels. heels. anyone heels. distorted distorted here> butts. butts. threw memo! vocals louder town, don't? don't? Sam's guess. Here Here library! color. tilted. cats ago? thousands thousands surprised surprised ",It's like a <unk> to build the biggest building and block the best <unk> 
417348e653c273e92c9e321dca45c9e4,"oneis building town, don't? town, located? heels. kidding. Uh... And electric paintings, mind front miltary   complete. complete. complete.  complete. complete. complete. complete. hahaha complete. complete.  complete.  subtle subtle haha!!! special haha!!! weather! greeeaaaat greeeaaaat weather! electric electric electric pole, paddle polka anyone anyone polka polka drum, drum, drum, complete. wires complete. complete. build build thinks wires wires clown. yes, wires odd EXACTLY Dude not! state flood Mickey! specially depressed. runs runs hilarious. design. scary hang sit Twinkies Twinkies party adorable, drove STAMP Expecting Give smiles Reminds swim, rocks! rocks! threw threw One, threw ",A lady is being <unk> who looks like she just saw a <unk> 
8aa428db3cfeab82ea2063d1685348ca,"oneis building town, don't? town, located? heels. kidding. Uh... And electric paintings, mind front miltary   complete. complete. complete.  complete. complete. complete. complete. hahaha complete. complete.  complete.  subtle subtle haha!!! special haha!!! weather! greeeaaaat greeeaaaat weather! electric electric electric pole, paddle polka anyone anyone polka polka drum, drum, drum, complete. wires complete. complete. build build thinks wires wires clown. yes, wires odd EXACTLY Dude not! state flood Mickey! specially depressed. runs runs hilarious. design. scary hang sit Twinkies Twinkies party adorable, drove STAMP Expecting Give smiles Reminds swim, rocks! rocks! threw threw One, threw ",water is upside down 
f36adc60891eefb41fd0ea576332bd12,"smiles Give cool"" Give Give smiles Earth, $5,000, Why $5,000, Why equal Gardens Ahoy asleep! Hills Hills silly silly silly squatting Kung Kung Kung Kung squatting Kung Kung squatting Kung if pieces pieces other, spot other, cutest other, other, spot other, other, other, spot innovative spot Twinkies Twinkies spot spot other, other, other, spot innovative Ya Ya town, town, don't? stance stance beef? suburban building oneis Hope oneis building oneis no wisdom. graffiti monster paintings, paintings, true famous design. print. funnily alien. alien. Ballo! penguins. Learn other, cutest lump cutest Flash Lost Chirp! Chirp! Lost Lost congested squeeze ",lol am I the only one that think they look funny? 
60cac021fb457a7749737aa0ad59d8,"smiles Give cool"" Give Give smiles Earth, $5,000, Why $5,000, Why equal Gardens Ahoy asleep! Hills Hills silly silly silly squatting Kung Kung Kung Kung squatting Kung Kung squatting Kung if pieces pieces other, spot other, cutest other, other, spot other, other, other, spot innovative spot Twinkies Twinkies spot spot other, other, other, spot innovative Ya Ya town, town, don't? stance stance beef? suburban building oneis Hope oneis building oneis no wisdom. graffiti monster paintings, paintings, true famous design. print. funnily alien. alien. Ballo! penguins. Learn other, cutest lump cutest Flash Lost Chirp! Chirp! Lost Lost congested squeeze ",That is one small <unk> 
4dd6fff166f35f262b08d167a61dff,"anyone town, outdoor brown Ya Ya Ya giving Ya EXACTLY Dude not! state flood Not sithis there. count tray fresh depressed. dude tray tray We've green, green, toga Learn eye! sky,  wires wires on? Give I'd mama kidding. heels. heels. anyone town, town, town, rotate town, funnily funnily funnily smile. town, don't? Poor chicken Poor Poor oneis Dude Dude Dude miss.... Dude Dude Dude skirt. Dude skirt. skirt. Dude Dude dumb flood rigged remind Here's umbrella music, swim, swim, swim, rocks! threw One, One, town, arms! arms! arms! town, town, don't? stance event. laugh. laugh. purple, brown shot! ",Great art school <unk> photo 
99a74c4b6c61446d8f246df9c11156d,"oneis clown. Ok, pants u u u drove adorable, fantastic, adorable, drove weight dock. building mom iPhone odd true famous true odd true true odd wires wires on? cats threw building chair. build build complete. hahaha complete. chess picnic rotate rotate town, outdoor outdoor outdoor kidding. heels. distorted distorted distorted kidding. outdoor brown town, arms! arms! arms! thought stoned. stoned. stoned. oneis EXACTLY EXACTLY EXACTLY Dude skirt. Dude Dude skirt. skirt. town, arms! kidding. heels. kidding. outdoor brown Ya Ya Ya town, arms! thought thought town, arms! arms! arms! town, town, don't? stance event. laugh. laugh. purple, brown shot! ",The sun is amazing. 
7163939fecddf09d693135ae7a9ce1,"have sit u PICTURE. interrupted interrupted interrupted it? paintings, speeding kidding. Uh... Those anyone Netflix Anyone Now, useful! chess Farmer. Man, ants? symbols symbols chicken state state Give boards wonderful... smile. it. Poor Poor chicken good... laugh. fine laugh. purple, purple, after. scorpion.... scorpion.... scorpion.... make-up. muddy path. path. path. Bug's vest. athletes... though. foggy Poor Poor town, engaging town, town, don't? stance stance stance athletes... butts. funnily funnily week!! week!! town, don't? stance event. stance beef? event. stance stance stance beef? athletes... butts. butts. Honk dirtiness Honk Honk dirtiness dirtiness STAMP Farmer. smiles dumb dumb travel dumb stand ",The entrance to the <unk> has a <unk> in cheek statue of <unk> 
d7fd49a5d1e74ed686e72383cb674b4c,"anyone polka roofs Learn roofs roofs roofs Canadian listening care cart, acted weather! Dogs pie listening car Dude flood state Give smiles Pops Pops waters. receive receive depressed. setting, much Dogs weather! Dogs Dogs cool... guitar cool... building town, funnily funnily town, !dodge !dodge !dodge laugh. !dodge laugh. laugh. laugh. fine grocery?! Goofy sword flood dumb dumb flood Not Not Not acid pro pro pro vocals drink! vocals vocals drink! drink! sun. suburban sun. man, Uh... subpar time stunning stunning stunning tray We've fire fire We've hyenas We've We've green, green, We've green, town, outdoor outdoor town, arms! thought ",I don't seeing anyone <unk> here 
43adb0abcb9af8ffdf786af9a8c95350,"anyone anyone polka drum, none upside upside Games Give boards wonderful... wonderful... wonderful... wisdom. wonderful... ratio funnily funnily week!! funnily depressed. anything Despite green, green, green, lady? party Gardens Gardens Gardens Q Q public public Give state dumb congested Lost distorted All All Learn state dumb stand plain plain sure. toilet Ballo! Learn state dumb dumb stand stand BBQ rat Disneyworld! Disneyworld! green. green. train carving carving complete. hahaha festivities desk desk  wires complete.  haha!!! weather! weather! weather! =/ monkey? passed passed NIGHT'S NIGHT'S dinner! dinner! today. today. 10 smiles dumb travel dumb state flood Mickey! specially ","Oh, a <unk> and a <unk>  "
f7a680c3566c9bcb96fa8867ba587b92,"other, other, cutest lump skirt. James. James. distorted kidding. heels. anyone anyone anyone polka hope....lol owls Twinkies Twinkies party dawn monster staged tray town, town, town, don't? Poor chicken chicken chicken Poor Poor town, town, arms! kidding. heels. town, located? heels. anyone anyone town, public carving kidding. outdoor outdoor town, arms! kidding. heels. town, outdoor outdoor brown brown purple, laugh. purple, purple, laugh. laugh. Bro... Jessica. Jessica. goofy christmas dumb smiles smiles dumb travel assuming if brambly ahead ahead ahead sharkplane? ahead mine. mine. Dude Dude dumb dumb stand stand dumb travel stop together, Vodka :P sharkplane? ahead mine. ",They look like some <unk> 
38bb2eae6b630c588d6a5a65e1fc25e,"anyone anyone polka drum, none upside upside Games Give boards wonderful... wonderful... wonderful... wisdom. wonderful... ratio funnily funnily week!! funnily depressed. anything Despite green, green, green, lady? party Gardens Gardens Gardens Q Q public public Give state dumb congested Lost distorted All All Learn state dumb stand plain plain sure. toilet Ballo! Learn state dumb dumb stand stand BBQ rat Disneyworld! Disneyworld! green. green. train carving carving complete. hahaha festivities desk desk  wires complete.  haha!!! weather! weather! weather! =/ monkey? passed passed NIGHT'S NIGHT'S dinner! dinner! today. today. 10 smiles dumb travel dumb state flood Mickey! specially ",I'm sure their parents are so proud of them for playing dress up together. 
5809f768aacbef12421bcb6a4c36912,"oneis oneis building bear athletes... drove drove level tilted. background? Sam's Sam's Sam's guess. Here goofy loose loose offices brown purple, laugh. !dodge mine. mine. mine. Poor staged eye! eye! eye! Learn Learn eye! eye! Learn cutest Learn other, spot Christmas was was Flash no tray We've green, green, toga path. Bug's born? chair. Miss Miss walls walls beautify Give boards boards innovative innovative Ya skirt. skirt. Dude skirt. building oneis oneis building oneis building bear EXACTLY take take take mental spot Twinkies Twinkies party party dawn dawn comedy comedy chess complete. hahaha depressed. dude Very anyone Netflix family! ",I was trying to <unk> different flowers and some was lovely and some was <unk> 
436c9a435dd9b2c2523dec3a5e7bedf1,"heels. rocks subtle haha!!! haha!!! Games Learn Ok, Learn Learn eye! Learn cutest other, arms! smiles dirtiness nose. shave suburban sun. suburban shave were spooky loose loose stupid dude depressed. anything /great/ anything anything actual dude's dude's paintings, paintings, monster monster paintings, mind front front bro. front miltary engaging engaging destined threw One, threw threw threw STAMP butts. STAMP STAMP trump. trump. trump. town, arms! thought thought thought stoned. stoned. plates stoned. thought it. smile. town, red-stripe town, arms! arms! arms! go? town, arms! arms! town, thought stoned. Uh... subpar subpar paper head portion portion pants. sandwich. her LOL! ","<unk> that glass building, the <unk> looks like its floating in <unk> air waiting to <unk> <unk> haha "
aa5c21b81bdb6ca14734b8e0fcede9,"heels. rocks subtle haha!!! haha!!! Games Learn Ok, Learn Learn eye! Learn cutest other, arms! smiles dirtiness nose. shave suburban sun. suburban shave were spooky loose loose stupid dude depressed. anything /great/ anything anything actual dude's dude's paintings, paintings, monster monster paintings, mind front front bro. front miltary engaging engaging destined threw One, threw threw threw STAMP butts. STAMP STAMP trump. trump. trump. town, arms! thought thought thought stoned. stoned. plates stoned. thought it. smile. town, red-stripe town, arms! arms! arms! go? town, arms! arms! town, thought stoned. Uh... subpar subpar paper head portion portion pants. sandwich. her LOL! ",Did the <unk> forget to take a picture of her <unk> 
db0b19341e4b81959ee3d5355d8e,"heels. rocks subtle haha!!! haha!!! Games Learn Ok, Learn Learn eye! Learn cutest other, arms! smiles dirtiness nose. shave suburban sun. suburban shave were spooky loose loose stupid dude depressed. anything /great/ anything anything actual dude's dude's paintings, paintings, monster monster paintings, mind front front bro. front miltary engaging engaging destined threw One, threw threw threw STAMP butts. STAMP STAMP trump. trump. trump. town, arms! thought thought thought stoned. stoned. plates stoned. thought it. smile. town, red-stripe town, arms! arms! arms! go? town, arms! arms! town, thought stoned. Uh... subpar subpar paper head portion portion pants. sandwich. her LOL! ","Oh that looks great, not. "
dff43ec38e85d98c5172661f3b8af,"heels. kidding. Uh... kidding. kidding. clown. still! stance event. event. stance event. stance event. laugh. purple, laugh. purple, laugh. watches pie windows! rotate subpar rotate ahead. ahead. Sam's ahead. green. though. ahead. Sam's Sam's guess. Here Here library! library! funnily funnily week!! trump. doesn't doesn't trump. distorted kidding. outdoor outdoor kidding. clown. special blown blown blown yikes classic together? together? classic classic classic ketchup everyone! baseball baseball baseball u u drove athletes... butts. STAMP Expecting Give state difference We've vest. vest. ahead. stupid arms! town, arms! kidding. Uh... And Uh... Uh... Learn death, entered entered pants. angel pants. ride ",that boat doesnt seem very <unk> 
f552e2fbe05eb475ae45bca6a32e925c,"other, spot other, spot Christmas killer killer pondering forecaster countries. Gardens plus plus Would Learn Learn Learn Ok, Unless acid bird... acid Unless acid Unless Unless Unless styles eye! eye! Learn other, other, cutest lump weather! greeeaaaat suburban sun. actual cell gender! London, picked Chirp! town, town, don't? town, arms! arms! go? heels. heels. rocks rocks heels. heels. kidding. outdoor kidding. outdoor kidding. kidding. Uh... And And paper poops poops Here goofy angel angel state state state dumb flood flood flood Bro... Right, sea vocals difference forest, called far far depressed. runs forecaster forecaster monster. brambly design. beauty alien. ",This guy looks like a <unk> <unk>  
82ca5176fe4e7e74d70e1c7bb7988e9,"other, spot other, spot Christmas killer killer pondering forecaster countries. Gardens plus plus Would Learn Learn Learn Ok, Unless acid bird... acid Unless acid Unless Unless Unless styles eye! eye! Learn other, other, cutest lump weather! greeeaaaat suburban sun. actual cell gender! London, picked Chirp! town, town, don't? town, arms! arms! go? heels. heels. rocks rocks heels. heels. kidding. outdoor kidding. outdoor kidding. kidding. Uh... And And paper poops poops Here goofy angel angel state state state dumb flood flood flood Bro... Right, sea vocals difference forest, called far far depressed. runs forecaster forecaster monster. brambly design. beauty alien. ",What a friendly <unk> 
76224ae5b6b8d573a59be91b5c37c,"oneis Dude goofy Here great. state state Give public didnt none drum, drum, Kung paintings, paintings, paintings, work! paintings, true paintings, true design. print. eye! eye! eye! stoned. eye! eye! stoned. Uh... Uh... Those bent Marvel swim, anything hiding NOT stay? NOT Here thinks top) iPhone iPhone stands. stands. dinner! relationship? short enough. enough. falling falling Disneyworld! Disneyworld! mental other, spot Christmas was was PICTURE. lapel lapel Here goofy goofy Uncle goofy christmas christmas Surfer Surfer Surfer tray We've We've We've town, arms! kidding. Uh... Those white-stripe station mood. mood. correctly? stop travel travel too Here existed got chess ",Real nice <unk> 
fdefc479ce64a9e6a33d74ba43a48c,"oneis Dude goofy Here great. state state Give public didnt none drum, drum, Kung paintings, paintings, paintings, work! paintings, true paintings, true design. print. eye! eye! eye! stoned. eye! eye! stoned. Uh... Uh... Those bent Marvel swim, anything hiding NOT stay? NOT Here thinks top) iPhone iPhone stands. stands. dinner! relationship? short enough. enough. falling falling Disneyworld! Disneyworld! mental other, spot Christmas was was PICTURE. lapel lapel Here goofy goofy Uncle goofy christmas christmas Surfer Surfer Surfer tray We've We've We've town, arms! kidding. Uh... Those white-stripe station mood. mood. correctly? stop travel travel too Here existed got chess ",<unk> thought her <unk> <unk> would make her more <unk> <unk> it turned out to be not so humorous an <unk> for her in the <unk> 
ae55a8f78e2ac91ec81a6e877dc90db,"other, other, spot other, other, mental other, spot spot event. event. spot spot spot other, spot Twinkies spot spot Twinkies spot Twinkies polka anyone anyone Netflix skies, front, Here meant meant meant point, point, Twinkies spot event. event. spot event. event. spot christmas christmas christmas Lego's at? One, One, wires complete. complete.  subtle subtle subtle windows! weather! Games Games upside quite quite quite thought it. it. smile. in. town, located? kidding. outdoor brown brown brown girraffe's at? squatting Kung heels. kidding. heels. distorted here> here> bare place far depressed. red. Very going going going going going curly curly ",A bunch of people being <unk> 
c074894ed5a63aa7787f57513104fbb,"other, other, spot other, other, mental other, spot spot event. event. spot spot spot other, spot Twinkies spot spot Twinkies spot Twinkies polka anyone anyone Netflix skies, front, Here meant meant meant point, point, Twinkies spot event. event. spot event. event. spot christmas christmas christmas Lego's at? One, One, wires complete. complete.  subtle subtle subtle windows! weather! Games Games upside quite quite quite thought it. it. smile. in. town, located? kidding. outdoor brown brown brown girraffe's at? squatting Kung heels. kidding. heels. distorted here> here> bare place far depressed. red. Very going going going going going curly curly ",Is it plugged in? That's the first <unk> I always ask when <unk> 
a0bc7d30988c3f7ee4141be69ddb62,"other, other, spot other, other, mental other, spot spot event. event. spot spot spot other, spot Twinkies spot spot Twinkies spot Twinkies polka anyone anyone Netflix skies, front, Here meant meant meant point, point, Twinkies spot event. event. spot event. event. spot christmas christmas christmas Lego's at? One, One, wires complete. complete.  subtle subtle subtle windows! weather! Games Games upside quite quite quite thought it. it. smile. in. town, located? kidding. outdoor brown brown brown girraffe's at? squatting Kung heels. kidding. heels. distorted here> here> bare place far depressed. red. Very going going going going going curly curly ",This kid is the <unk> <unk> 
a912aa6bb2f27d2ed5d9ef92d3d2dcb,"anyone anyone town, outdoor outdoor brown shot! brown brown purple, purple, after. after. after. Ok, one? decaying all!"" all!"" decaying one? decaying all!"" decaying decaying sky decaying existed Here Young Young Young Here Here lying inch Peace Peace town, arms! town, arms! kidding. kidding. kidding. heels. distorted outdoor outdoor brown Ya Ya EXACTLY interrupted interrupted interrupted Unless ahead nap nap Lost hilarious. hilarious. hilarious. nap shoe shoe interrupted tuckered interrupted complete. chess trophies slowest slowest slowest beyond Farmer. STAMP Expecting Uh... subpar Fiona existed paper paper head hatin' statues Pops :p Learn toga toga toga toga toga Of Of ",Well this picture is very clear.  
ed5df4b0f24fa7572feae0cb92cd9229,"oneis clown. clown. photograph? photograph? town, located? heels. heels. graffiti heels. kidding. kidding. Uh... kidding. Uh... kidding. kidding. clown. wires wires complete. hahaha wires wires clown. clown. wires complete.  wires odd odd EXACTLY Dude not! not! hope....lol hope....lol hope....lol ago? subpar paper ketchup Ya giving Ya skating Those Those Those Uh... kidding. kidding. kidding. clown. still! athletes... staged laughable Jan, contained useful! useful! Ooh, frame frame stairs. N0t innovative innovative complete.    haha!!! subtle parties neighborhood. down! Hurry, other, other, other, Learn Ok, Learn state Learn Games upside upside paddle paddle upside upside quite quite thought ",I bet he's enjoying his view! 
764ab16c99cd9663705ab584abe53af0,"anyone town, town, rotate rotate trophies chess rotate rotate ahead. point, Twinkies Twinkies spot event. other, cutest cutest ""whatever famous famous true design. print. print. kidding. kidding. Uh... Those kidding. heels. kidding. kidding. Uh... kidding. Uh... Uh... kidding. kidding. kidding. Uh... And Uh... Those Venus somene Scary. itâ€™s Learn Learn Learn other, cutest cutest cutest buggers! Sam's depressed. red. escalator hilarious. Twinkies spot spot other, cutest cutest ""whatever prime drummer drummer brambly parked parked parked trade side. doll? subpar Uh... Those bent bent bent kidding. outdoor town, arms! kidding. town, located? town, don't? town, don't? town, don't? town, located? ",This is the cutest little <unk> of We Are the World ever. 
d47e01031676fa184458ebf4de5b4f5,"anyone polka polka drum, drum, Kung paintings, special special bills. pronto face. face. ran outdoor Uh... kidding. kidding. clown. wires wires complete. hahaha wires wires clown. clown. wires complete.  wires odd odd EXACTLY Dude not! not! hope....lol hope....lol hope....lol ago? subpar paper ketchup Ya giving Ya skating Those Those Those Uh... kidding. kidding. kidding. clown. still! athletes... staged laughable Jan, contained useful! useful! Ooh, frame frame stairs. N0t innovative innovative complete.    haha!!! subtle parties neighborhood. down! Hurry, other, other, other, Learn Ok, Learn state Learn Games upside upside paddle paddle upside upside quite quite thought ","So, does anyone know where <unk> <unk> "
26b5497566e7df1c2e27cc0a1830,"other, arms! arms! other, other, mental other, arms! arms! other, spot other, other, cutest other, arms! town, town, rotate ahead. ahead. Sam's smile. in. in. town, town, arms! thought smile. in. smile. smile. in. smile. in. in. smile. smile. smile. in. skirt. blue; goofy Dude kidding. heels. kidding. outdoor outdoor outdoor town, located? town, town, rotate trophies 25k eyes*. special paintings, monster paintings, paintings, true famous famous something doesn't something something rotate donald donald donald town, arms! arms! town, located? kidding. Uh... Uh... Uh... Those sportscar somene tripping intricate. funnily metal metal town, town, don't? town, don't? town, located? ",The cute puppy just couldn't get <unk> <unk> in. 
b2acd3d133c71cb91bd07f315fb0a212,"other, spot event. stance stance event. event. stance beef? event. stance stance event. event. spot other, cutest cutest lump weather! electric weather! contained useful! useful! useful! Ooh, camel! actual Anything curly curly going haha!!! subtle parties neighborhood. neighborhood. down! neighborhood. working. Expecting Give smiles Pops plate.. plate.. yay! fine didnt fine fine didnt didnt none Not! paddle paddle paddle bird... acid acid acid wisdom. windows! windows! redder windows! :p redder :p :p brother, brother, shoe shoe interrupted interrupted tuckered guys, sharkplane? lady? comedy chess Those kidding. speeding town, town, rotate rotate ahead. ahead. Ya town, rotate town, located? town, ",<unk> <unk> out 
d3d5b38429d028d8fc3ab53fa9442e1,"other, spot event. stance stance event. event. stance beef? event. stance stance event. event. spot other, cutest cutest lump weather! electric weather! contained useful! useful! useful! Ooh, camel! actual Anything curly curly going haha!!! subtle parties neighborhood. neighborhood. down! neighborhood. working. Expecting Give smiles Pops plate.. plate.. yay! fine didnt fine fine didnt didnt none Not! paddle paddle paddle bird... acid acid acid wisdom. windows! windows! redder windows! :p redder :p :p brother, brother, shoe shoe interrupted interrupted tuckered guys, sharkplane? lady? comedy chess Those kidding. speeding town, town, rotate rotate ahead. ahead. Ya town, rotate town, located? town, ",every <unk> <unk> to see the daughter in that outfit 
605f8df72d6522b9947677c783015f9,"other, spot innovative Ya Ya EXACTLY EXACTLY oneis building oneis Dude Dude miss.... miss.... Here Bro... listening listening distorted listening distorted listening distorted listening listening listening car Dude skirt. Dude skirt. skirt. Dude skirt. Dude town, !dodge !dodge town, funnily kidding. heels. kidding. outdoor town, !dodge !dodge mine. cats on? Give Give smiles smiles dumb congested assuming assuming assuming Kung STAMP STAMP STAMP right. circle circle no oneis plates Give boards boards innovative innovative Twinkies Twinkies spot spot Twinkies in. looks. kidding. heels. kidding. outdoor brown stance athletes... athletes... butts. butts. funnily funnily plus Right, cookies. Gardens cool! cool! ",Big crowd <unk> 
87fbfe1da33bd1d7f0812d0d82a5848,"anyone Perhaps James. skirt. skirt. Ya Ya EXACTLY Dude miss.... Here Here lying lying know. miniature entered entered produce! trump other  wires complete. complete. complete. hahaha depressed. runs taste! home, home, stage AH, riding creeps! head head art lyrics difference bare Little poops plates clown. clown. oneis suburban shave were were happened happened useful! chips often often often angry closed closed closed week. Mickey Mickey drive :rolls floats press hilarous. hilarous. stop stop stupid stupid ahead. ahead. stupid arms! ahead town, thought miltary front bro. going Did Did town, town, rotate rotate trophies chess Those Uh... Those Those ",He looks like a bank <unk> 
a82b2e7b6e92c93cea4b1697a566993,"heels. graffiti polka wires complete. complete. build thinks  complete. complete. build adorable, adorable, fantastic, Wednesday. memo! going memo! vocals drink! suburban sun. suburban suburban greeeaaaat greeeaaaat greeeaaaat green? decaying one? Ok, one? decaying all!"" special special subtle parties Lego's flag miss.... Young Here Young lying something songs. equal they're go? decaying existed underpants. after. mini after. sun. sun. day. Mommy Mommy Mommy Dude Dude skirt. Ya giving Ya town, town, arms! kidding. Uh... Uh... Learn Learn players funnily week!! trade trade sure. louder louder Sam's Sam's town, don't? don't? don't? Sam's ahead. stupid going haha!!! haha!!! haha!!! haha!!! ",those <unk> are nice 
fa87729a6768449e0fd2aa27fb43522,"heels. graffiti polka wires complete. complete. build thinks  complete. complete. build adorable, adorable, fantastic, Wednesday. memo! going memo! vocals drink! suburban sun. suburban suburban greeeaaaat greeeaaaat greeeaaaat green? decaying one? Ok, one? decaying all!"" special special subtle parties Lego's flag miss.... Young Here Young lying something songs. equal they're go? decaying existed underpants. after. mini after. sun. sun. day. Mommy Mommy Mommy Dude Dude skirt. Ya giving Ya town, town, arms! kidding. Uh... Uh... Learn Learn players funnily week!! trade trade sure. louder louder Sam's Sam's town, don't? don't? don't? Sam's ahead. stupid going haha!!! haha!!! haha!!! haha!!! ",Another one of these fancy <unk> <unk> 
7e6ea5e6c7eb7e48e811d97e19abe1,"heels. graffiti polka wires complete. complete. build thinks  complete. complete. build adorable, adorable, fantastic, Wednesday. memo! going memo! vocals drink! suburban sun. suburban suburban greeeaaaat greeeaaaat greeeaaaat green? decaying one? Ok, one? decaying all!"" special special subtle parties Lego's flag miss.... Young Here Young lying something songs. equal they're go? decaying existed underpants. after. mini after. sun. sun. day. Mommy Mommy Mommy Dude Dude skirt. Ya giving Ya town, town, arms! kidding. Uh... Uh... Learn Learn players funnily week!! trade trade sure. louder louder Sam's Sam's town, don't? don't? don't? Sam's ahead. stupid going haha!!! haha!!! haha!!! haha!!! ","This just reminds me, I never properly taught my mom how to <unk> "
83dfae2ac579e0f26d8df4509aa301f,"heels. graffiti polka wires complete. complete. build thinks  complete. complete. build adorable, adorable, fantastic, Wednesday. memo! going memo! vocals drink! suburban sun. suburban suburban greeeaaaat greeeaaaat greeeaaaat green? decaying one? Ok, one? decaying all!"" special special subtle parties Lego's flag miss.... Young Here Young lying something songs. equal they're go? decaying existed underpants. after. mini after. sun. sun. day. Mommy Mommy Mommy Dude Dude skirt. Ya giving Ya town, town, arms! kidding. Uh... Uh... Learn Learn players funnily week!! trade trade sure. louder louder Sam's Sam's town, don't? don't? don't? Sam's ahead. stupid going haha!!! haha!!! haha!!! haha!!! ",Do they have a <unk> to drive that <unk> 
c069080ba75adfeb34a3bb57c8fd412,"anyone town, located? heels. heels. graffiti heels. kidding. kidding. kidding. Uh... And Uh... Uh... Uh... maybe maybe Reminds surrrre able surrrre surrrre path. toga Trump's am am bro. bro. bro. thinks   wires odd alien. alien. Ballo! Ballo! state Give Give smiles Pops Pops polka drum, none upside quite it'll carving carving oneis oneis building oneis oneis building building chair. build listening pool listening listening car Sam's ahead. ahead. Sam's smile. smile. town, arms! kidding. heels. kidding. outdoor town, !dodge building oneis Dude Dude miss.... miss.... offices travel too travel travel travel cell shallow Give state Give boards ",<unk> We Are 
bbb91a84a73596854c8f54a2425538,"oneis building oneis no no tray no oneis oneis oneis building chair. Miss Miss Miss bird... bird... paddle bird... blessing bird... bird... blessing athletes... though. ! ! photo photo photo town, rotate rotate trophies chess Those Those anyone anyone Netflix skies, skies, front, decaying decaying existed Here Young Here too photo? reflect reflect We've We've green, town, town, arms! town, located? kidding. heels. town, outdoor outdoor town, arms! thought thought stoned. plates plates vocals memo! overdressed stage amenities rocks drum, Kung paintings, true paintings, paintings, true true odd true athletes... bear bear bear building suburban sun. man, Uh... kidding. ","Oh, wow. This seems like a beautiful place to <unk> NOT. "
84753de55bf3eca70ac636ad0ca50c9,"oneis building oneis no no tray no oneis oneis oneis building chair. Miss Miss Miss bird... bird... paddle bird... blessing bird... bird... blessing athletes... though. ! ! photo photo photo town, rotate rotate trophies chess Those Those anyone anyone Netflix skies, skies, front, decaying decaying existed Here Young Here too photo? reflect reflect We've We've green, town, town, arms! town, located? kidding. heels. town, outdoor outdoor town, arms! thought thought stoned. plates plates vocals memo! overdressed stage amenities rocks drum, Kung paintings, true paintings, paintings, true true odd true athletes... bear bear bear building suburban sun. man, Uh... kidding. ",I bet he won't be able to stop me! 
233110b66ef149245ede2ff493982e,"oneis clown. photograph? Poor Poor chicken Poor suburban suburban suburban shave were cow cow cow were were spooky were scenic other, other, spot Twinkies fools listening listening don't. don't. don't. care standing standing !dodge town, located? town, located? town, located? located? located? kidding. Uh... Uh... Those bent both James. anyone polka anyone anyone errant, errant, hours mood mood in. in. kidding. outdoor brown town, arms! town, arms! thought stoned. stoned. plates stoned. stoned. Uh... And electric And poops paper existed Chuck, Here goofy Here Here lying lying Twist. paddle town, !dodge !dodge !dodge laugh. purple, laugh. watches Flash Dogs ","Yeah, I'll be he has a really great <unk> "
a7f3bace733f544bbb3528abb29edec3,"oneis clown. Ok, Ok, Learn town, red-stripe red-stripe red-stripe adorable, drove STAMP STAMP Expecting Uh... Uh... kidding. kidding. Uh... Those kidding. speeding speeding kidding. outdoor kidding. Uh... And And poops paper hyenas green? Dude miss.... miss.... miss.... corn bro. monster monster staged athletes... though. ! were grocery?! were were happened happened were spooky weather! weather! =/ wow wow convention vocals louder wires complete. hahaha hahaha complete.  complete. chess chess rotate chess drum, anyone anyone anyone Netflix Anyone Bilbo actual sand sand shave fast, fast, polka complete. hahaha complete.  complete. chess chess chess photo sun. photo chess trophies ","Um, I thought you <unk> the <unk> not the <unk> <unk> "
57f69bc080d893ddaf6cd18b53c489f,"anyone polka complete. complete. build thinks wires wires wires innovative Ya EXACTLY EXACTLY Dude miss.... miss.... Here Here loose MACHO celebrating else. else. foothills design. hyenas green? pants pants shades anyone fun, eye, laugh. fine fine fine laugh. purple, laugh. laugh. fine am,"" rotate ahead. point, building town, town, arms! town, outdoor town, rotate rotate ahead. point, point, building threw silly town, located? located? located? town, funnily town, go? town, located? kidding. heels. anyone anyone anyone Netflix Anyone Bilbo actual sand sand shave fast, fast, polka complete. hahaha complete.  complete. chess chess chess photo sun. photo chess trophies ",<unk> <unk> thats a good looking <unk> 
d6c47c292aba6db9184d82421375b56,"other, arms! smiles smiles Give Games skating skating skating Catching Yet bear bear building path. path. toga toga green, toga path. plates plates Give smiles Reminds swim, sit. sit. Ahh sit. seems or wires complete. complete. complete. hahaha players. beside beside Dogs building town, don't? Poor point, town, town, arms! town, outdoor town, rotate rotate ahead. point, point, building threw silly town, located? located? located? town, funnily town, go? town, located? kidding. heels. anyone anyone anyone Netflix Anyone Bilbo actual sand sand shave fast, fast, polka complete. hahaha complete.  complete. chess chess chess photo sun. photo chess trophies ",so i guess this class is about playing around <unk> 
979fe7cfef2c1c97342293697a66b78,"other, cutest lump lump cart, produce! hiding hiding hiding party red-stripe Right, Right, fantastic, were were spooky spooky stage amenities photo? alright, alright, rock, headache rock, headache am,"" am,"" Unless Ok, Flintstones, distorted here> craft craft craft destined yikes Not Not acid Unless town, funnily alien. funnily town, town, arms! town, outdoor town, rotate rotate ahead. point, point, building threw silly town, located? located? located? town, funnily town, go? town, located? kidding. heels. anyone anyone anyone Netflix Anyone Bilbo actual sand sand shave fast, fast, polka complete. hahaha complete.  complete. chess chess chess photo sun. photo chess trophies ","Oh look, a <unk> <unk> <unk> "
5065c37b384169324992c89e90699f,"heels. graffiti polka polka drum, none said... suburban shave shave suburban greeeaaaat weather! buggers! buggers! buggers! buggers! buggers! care cart, produce! produce! hiding haha!!! weather! Dogs building chair. build thinks thinks thinks destined yikes Real eye! stoned. Uh... subpar wow Yeah..green. mom iPhone coconuts! green? Dude Dude flood dumb travel travel Woah, listening car Sam's Sam's Sam's depressed. himself! key literally miss.... Mommy interrupted tuckered Bro... mental Sam's located? kidding. heels. heels. heels. kidding. heels. anyone polka drum, drum, drum, complete. wires thinks innovative innovative innovative Twinkies spot Twinkies polka complete. hahaha hahaha players. players. memo! vocals hahaha hahaha ",Looks like a high class <unk> to me! 
1bd97750a5de4f7eea6cb171b33aea,"heels. graffiti polka polka drum, none said... suburban shave shave suburban greeeaaaat weather! buggers! buggers! buggers! buggers! buggers! care cart, produce! produce! hiding haha!!! weather! Dogs building chair. build thinks thinks thinks destined yikes Real eye! stoned. Uh... subpar wow Yeah..green. mom iPhone coconuts! green? Dude Dude flood dumb travel travel Woah, listening car Sam's Sam's Sam's depressed. himself! key literally miss.... Mommy interrupted tuckered Bro... mental Sam's located? kidding. heels. heels. heels. kidding. heels. anyone polka drum, drum, drum, complete. wires thinks innovative innovative innovative Twinkies spot Twinkies polka complete. hahaha hahaha players. players. memo! vocals hahaha hahaha ",I bet he can <unk> real far while he <unk> 
9416eecc8b574212bfc6a7da51349fcf,"heels. graffiti polka polka drum, none said... suburban shave shave suburban greeeaaaat weather! buggers! buggers! buggers! buggers! buggers! care cart, produce! produce! hiding haha!!! weather! Dogs building chair. build thinks thinks thinks destined yikes Real eye! stoned. Uh... subpar wow Yeah..green. mom iPhone coconuts! green? Dude Dude flood dumb travel travel Woah, listening car Sam's Sam's Sam's depressed. himself! key literally miss.... Mommy interrupted tuckered Bro... mental Sam's located? kidding. heels. heels. heels. kidding. heels. anyone polka drum, drum, drum, complete. wires thinks innovative innovative innovative Twinkies spot Twinkies polka complete. hahaha hahaha players. players. memo! vocals hahaha hahaha ",Who needs all that <unk>  
227b9fb1ad8a2a98851d14557962a24b,"heels. graffiti polka polka drum, none said... suburban shave shave suburban greeeaaaat weather! buggers! buggers! buggers! buggers! buggers! care cart, produce! produce! hiding haha!!! weather! Dogs building chair. build thinks thinks thinks destined yikes Real eye! stoned. Uh... subpar wow Yeah..green. mom iPhone coconuts! green? Dude Dude flood dumb travel travel Woah, listening car Sam's Sam's Sam's depressed. himself! key literally miss.... Mommy interrupted tuckered Bro... mental Sam's located? kidding. heels. heels. heels. kidding. heels. anyone polka drum, drum, drum, complete. wires thinks innovative innovative innovative Twinkies spot Twinkies polka complete. hahaha hahaha players. players. memo! vocals hahaha hahaha ",I wonder if those are <unk> in that dish. 
de30207df19fa8227d39d25e16818c,"other, spot other, other, cutest cutest lump weather! electric pole, public Give state state state state Give smiles destined trump. distorted heels. kidding. outdoor town, !dodge laugh. purple, brown shot! ordered. ordered. mom iPhone iPhone fun. another. another. true athletes... butts. butts. threw One, Ballo! town, arms! town, town, arms! town, outdoor kidding. Uh... kidding. Uh... kidding. Uh... And And poops town, funnily kidding. heels. kidding. Uh... And electric weather! buggers! build complete.  wires odd true athletes... bear great. clown. suits, often crafts acid bird... bird... paddle black paddle bird... blessing blessing vocals vocals memo! another. memo! overdressed ",Bet they aren't having a very good time. 
d05c2f2468dd9e5d6f7b3d91c5de815,"oneis no most most purple, purple, Games upside quite else. path. Bug's Yosemite Yosemite Yosemite Yosemite was Yosemite interrupted it? buggers! weather! contained party :P vegetation bottle. stay? NOT stay? fine fine didnt stay? stay? most !dodge !dodge mine. cats town, town, don't? don't? adorable, fantastic, adorable, adorable, adorable, fantastic, fantastic, Wednesday. memo! baseball true design. hyenas here> Uh... Uh... kidding. Uh... Those Venus Those anyone polka hope....lol owls unhappy wash. wired STAMP Expecting Give smiles Pops polka complete.  subtle on? shades pants shades pants pants Wowwww, an soo errant, doing. doing. cloud cloud afford unplugged. symbols shot ", <unk> A <unk> BUILDING 
12fe2e4de5f30972656a0547435a43,"anyone Perhaps Anyone Anyone heels. heels. rocks special subtle cart, ahead !dodge yay! yay! yay! yay! bland. polka anyone town, located? located? kidding. outdoor town, !dodge laugh. !dodge laugh. !dodge laugh. laugh. Bro... REALLY REALLY athletes... butts. butts. threw memo! spot spot event. spot other, spot Twinkies Twinkies Twinkies spot spot event. stance athletes... butts. STAMP Expecting Uh... And And poops town, funnily kidding. heels. kidding. Uh... And electric weather! buggers! build complete.  wires odd true athletes... bear great. clown. suits, often crafts acid bird... bird... paddle black paddle bird... blessing blessing vocals vocals memo! another. memo! overdressed ",I don't think I could care even <unk> 
db7d36fa4ab8828fdd2661383ecb698,"other, spot other, other, cutest cutest lump weather! electric pole, public Give state state state state Give smiles destined trump. distorted heels. kidding. outdoor town, !dodge laugh. purple, brown shot! ordered. ordered. mom iPhone iPhone fun. another. another. true athletes... butts. butts. threw One, Ballo! town, arms! town, town, arms! town, outdoor kidding. Uh... kidding. Uh... kidding. Uh... And And poops town, funnily kidding. heels. kidding. Uh... And electric weather! buggers! build complete.  wires odd true athletes... bear great. clown. suits, often crafts acid bird... bird... paddle black paddle bird... blessing blessing vocals vocals memo! another. memo! overdressed ",I <unk> see the baby 
26c4bc52558b70eefe969e8749f4c896,"heels. anyone town, public town, town, arms! arms! arms! town, arms! town, town, don't? Poor point, point, building building town, arms! kidding. heels. anyone town, public What's What's What's town, town, arms! kidding. town, town, don't? stance town, arms! town, town, rotate rotate ahead. point, building oneis building mine. Dude miss.... miss.... funnily airline wheels heels. anyone anyone errant, eye, Ooh, chips barbed something? lying lying Such Such depressed. setting, course count sword sword flood trip scary kidding. outdoor kidding. clown. clown. photograph? drum, still! still! still! athletes... drove STAMP outfit Real Real town, red-stripe town, arms! arms! go? ","Hey buddy, you're supposed to <unk> the truck <unk> not the walls. You aren't a house <unk> "
c089018a8f33bb4b72c3f71969f9c3,"heels. anyone town, public town, town, arms! arms! arms! town, arms! town, town, don't? Poor point, point, building building town, arms! kidding. heels. anyone town, public What's What's What's town, town, arms! kidding. town, town, don't? stance town, arms! town, town, rotate rotate ahead. point, building oneis building mine. Dude miss.... miss.... funnily airline wheels heels. anyone anyone errant, eye, Ooh, chips barbed something? lying lying Such Such depressed. setting, course count sword sword flood trip scary kidding. outdoor kidding. clown. clown. photograph? drum, still! still! still! athletes... drove STAMP outfit Real Real town, red-stripe town, arms! arms! go? ",<unk> and <unk>  Can't afford <unk> 
a822f73b8c2467cc7d741ada0e85b79,"heels. anyone town, public town, town, arms! arms! arms! town, arms! town, town, don't? Poor point, point, building building town, arms! kidding. heels. anyone town, public What's What's What's town, town, arms! kidding. town, town, don't? stance town, arms! town, town, rotate rotate ahead. point, building oneis building mine. Dude miss.... miss.... funnily airline wheels heels. anyone anyone errant, eye, Ooh, chips barbed something? lying lying Such Such depressed. setting, course count sword sword flood trip scary kidding. outdoor kidding. clown. clown. photograph? drum, still! still! still! athletes... drove STAMP outfit Real Real town, red-stripe town, arms! arms! go? ",Where did you get this photo of the <unk> my <unk> <unk> me? 
6a2cfef186dcabf042dbc81dc5cbdd7,"heels. anyone town, public town, town, arms! arms! arms! town, arms! town, town, don't? Poor point, point, building building town, arms! kidding. heels. anyone town, public What's What's What's town, town, arms! kidding. town, town, don't? stance town, arms! town, town, rotate rotate ahead. point, building oneis building mine. Dude miss.... miss.... funnily airline wheels heels. anyone anyone errant, eye, Ooh, chips barbed something? lying lying Such Such depressed. setting, course count sword sword flood trip scary kidding. outdoor kidding. clown. clown. photograph? drum, still! still! still! athletes... drove STAMP outfit Real Real town, red-stripe town, arms! arms! go? ",The air balloon is not high. 
6627a9c283dbc6ac536a382d44ac34ed,"heels. rocks special dieing Games Give smiles smiles interrupted equal equal equal equal Why graffiti polka drum, complete. complete. hahaha players. players. beside beside players. town, thought miltary miltary engaging distorted distorted listening curly curly going going going curly singing. singing. singing. singing. suburban suburban sun. buggers! weather! contained windows! weather! buggers! =/ weather! greeeaaaat greeeaaaat weather! electric electric weather! contained useful! attentive attentive attentive depressed. anything break. path. Bug's Yosemite interrupted Unless ahead in, Poor Poor Poor oneis oneis building oneis oneis oneis oneis no no Flash Flash no tray no Flash Flash Lost congested Lost congested none ",It's more <unk> when you actually put it on. 
f0cd749d5e34814d59482d73c4a5a6,"heels. rocks special dieing Games Give smiles smiles interrupted equal equal equal equal Why graffiti polka drum, complete. complete. hahaha players. players. beside beside players. town, thought miltary miltary engaging distorted distorted listening curly curly going going going curly singing. singing. singing. singing. suburban suburban sun. buggers! weather! contained windows! weather! buggers! =/ weather! greeeaaaat greeeaaaat weather! electric electric weather! contained useful! attentive attentive attentive depressed. anything break. path. Bug's Yosemite interrupted Unless ahead in, Poor Poor Poor oneis oneis building oneis oneis oneis oneis no no Flash Flash no tray no Flash Flash Lost congested Lost congested none ",The <unk> of the <unk> has now <unk> 
d03bedd2bc2a1a7317b7d897b560948d,"heels. kidding. outdoor brown stance athletes... butts. butts. threw memo! memo! memo! memo! christmas spot Twinkies polka complete. complete. build adorable, adorable, problem problem remove depressed. mini Dogs Dogs weather! Dogs Dogs weather! Dogs Dogs cool... cool... cool... building suburban suburban suburban suburban sun. sun. day. ""sleeping day. shave were adult cats town, funnily kidding. kidding. Uh... Those Those Uh... subpar wow subpar subpar subpar Disneyworld! green. true stance guitar Uh... Those white-stripe station pressure rotate rotate rotate impressive... impressive... town, red-stripe red-stripe red-stripe red-stripe adorable, adorable, drove drove STAMP outfit memo! outfit outfit memo! Wednesday. memo! going memo! ",That dumb kid is going to <unk> that <unk> 
fadf8cf2184f67dbc08fbff48c9ddfae,"heels. kidding. outdoor brown stance athletes... butts. butts. threw memo! memo! memo! memo! christmas spot Twinkies polka complete. complete. build adorable, adorable, problem problem remove depressed. mini Dogs Dogs weather! Dogs Dogs weather! Dogs Dogs cool... cool... cool... building suburban suburban suburban suburban sun. sun. day. ""sleeping day. shave were adult cats town, funnily kidding. kidding. Uh... Those Those Uh... subpar wow subpar subpar subpar Disneyworld! green. true stance guitar Uh... Those white-stripe station pressure rotate rotate rotate impressive... impressive... town, red-stripe red-stripe red-stripe red-stripe adorable, adorable, drove drove STAMP outfit memo! outfit outfit memo! Wednesday. memo! going memo! ",pick your nose also 
